Metric,Value
Beta (MLE),2.84302829479003
Eta (MLE),1065.93943935375
Beta (LS),2.54164332766914
Eta (LS),1076.01387470601
MTTF,949.726982585171
B1 Life,211.360722908573
B10 Life,483.027191377324
B50 Life,937.011364145343
Yellow Zone Entry (hrs),874.092465022021
Red Zone Entry (hrs),1153.38508698172
